ncf,fecha,paciente,monto,factura
B0200020472,2026-05-30,FELIZ ABAD,3210.0,20260706135530664658
B0200020473,2026-05-21,DEHILAND MEDRANO,2140.0,20260706135531522902
B0200020474,2026-04-30,ANA DISLA,2140.0,20260706135531869171
B0200020475,2026-05-07,ADRIANO NUÑEZ,1070.0,20260706135532134013
B0200020476,2026-05-22,MARIA REYES,6741.0,20260706135532412415
B0200020477,2026-05-22,ANNETTE PEÑA,2675.0,20260706135532761278
B0200020478,2026-05-22,NABIA GONZALEZ,37845.0,20260706135533122103
B0200020479,2026-05-21,YESSICA GONZALEZ,3531.0,20260706135533425897
B0200020480,2026-05-21,PORFIRIO SANTOS,5671.0,20260706135533742621
B0200020481,2026-05-11,PATRICIA MANZANILLO,6848.0,20260706135534004679
B0200020482,2026-05-15,ANDRES RONDON,4066.0,20260706135534253365
B0200020483,2026-05-02,VIRGINIA MONTAÑO,1070.0,20260706135534497318
B0200020484,2026-05-19,FRANYEL RAMIREZ,2675.0,20260706135534887410
B0200020485,2026-05-12,ENERCIDA ZABALA,1070.0,20260706135535163324
B0200020486,2026-05-19,DYLAN FLORES,1605.0,20260706135535537558
B0200020487,2026-05-18,EVARISTO WILLMORE,3531.0,20260706135535938052
B0200020488,2026-05-18,JEAN DIAZ,3531.0,20260706135536297518
B0200020489,2026-05-19,ERICKA CARVAJAL,2675.0,20260706135536775895
B0200020490,2026-05-19,SCARLETT DIAZ,1605.0,20260706135537102558
B0200020493,2026-05-14,ANGELA DE LA CRUZ,432.0,20260706135538069649
B0200020494,2026-05-19,ANA SARANTE,432.0,20260706135538469354
B0200020495,2026-05-19,LUISAMARIA PINEDA,432.0,20260706135538853337
B0200020496,2026-05-14,MARICELA SANTANA,432.0,20260706135539232115
B0200020497,2026-05-23,LEONELY MARTINEZ,432.0,20260706135539488285
B0200020498,2026-05-21,YANEIRA CLETO,432.0,20260706135539802500
B0200020499,2026-05-25,ANA HERNANDEZ,432.0,20260706135540084832
B0200020500,2026-05-23,PAUBLA MAMBRUZ,432.0,20260706135540392562
B0200020501,2026-05-26,YADELIN MATEO,432.0,20260706135540769684
B0200020502,2026-05-23,JOHANNA DE LA CRUZ,432.0,20260706135541060314
B0200020503,2026-05-23,MALKY BRAZOBAN,432.0,20260706135541631548
B0200020504,2026-05-23,KIMBERLIN GARCIA ,432.0,20260706135541929521
B0200020505,2026-05-26,GRISMALDA SUERO,432.0,20260706135542311638
B0200020506,2026-05-23,MASIEL ROMERO,432.0,20260706135542572295
B0200020544,2026-05-26,RAYSA MOREL,6848.0,20260707123054146707
B0200020545,2026-05-06,JEIMY CASTILLO,6848.0,20260707123055207641
